Day,Title,Description,Destination_Link,Image_URL,Schedule_Date,Board
Day 1,Flooring Calculator: How Many Boxes Do You REALLY Need?,"Planning a Flooring & DIY project? Stop Guessing Your Flooring Boxes! Includes 10% Waste Factor + Full Carton Rounding. Use our free, contractor-verified online tool with real-world material rounding and waste formulas. 

#flooringcalculator #hardwoodfloorcost #howmanyboxesofflooring #diyflooring #DIYProjects #HomeImprovement #RenovationTips #BuildingCalculators",https://tool-1-pied.vercel.app/calculators/flooring/flooring-calculator,https://raw.githubusercontent.com/danielirfang-creator/tool-1/main/pinterest_output/month_schedule/day01_flooring_boxes.jpg,2026-09-02 22:53,Flooring & DIY
Day 2,Tile & Grout Calculator: Large Format & Subway Tile Estimator,"Planning a Bathroom & Kitchen Tiling project? Tile Projects Made Effortless! Calculates 12x24, 3x6 Subway + Thinset & Grout Bags. Use our free, contractor-verified online tool with real-world material rounding and waste formulas. 

#tilecalculator #bathroomremodel #diybacksplash #howmuchgroutdoineed #DIYProjects #HomeImprovement #RenovationTips #BuildingCalculators",https://tool-1-pied.vercel.app/calculators/flooring/tile-calculator,https://raw.githubusercontent.com/danielirfang-creator/tool-1/main/pinterest_output/month_schedule/day02_tile_grout_mortar.jpg,2026-09-03 22:53,Bathroom & Kitchen Tiling
Day 3,Laminate Plank & Underlayment Roll Calculator,"Planning a Laminate & Vinyl project? Calculate Laminate in 10 Seconds Includes Foam Rolls & 3/8"" Expansion Gap Perimeter. Use our free, contractor-verified online tool with real-world material rounding and waste formulas. 

#laminateflooringcalculator #cheapflooringideas #underlaymentrolls #diylaminate #DIYProjects #HomeImprovement #RenovationTips #BuildingCalculators",https://tool-1-pied.vercel.app/calculators/flooring/laminate-calculator,https://raw.githubusercontent.com/danielirfang-creator/tool-1/main/pinterest_output/month_schedule/day03_laminate_underlayment.jpg,2026-09-04 22:53,Laminate & Vinyl
Day 4,Interior Paint Calculator: Exact Gallons for Walls & Ceilings,"Planning a Painting & Drywall project? Never Run Out of Paint Mid-Wall! Deducts Doors & Windows + 2-Coat 350 Sq Ft Formula. Use our free, contractor-verified online tool with real-world material rounding and waste formulas. 

#paintcalculator #howmanygallonsofpaint #bedroommakeover #bestpaintcolors #DIYProjects #HomeImprovement #RenovationTips #BuildingCalculators",https://tool-1-pied.vercel.app/calculators/painting,https://raw.githubusercontent.com/danielirfang-creator/tool-1/main/pinterest_output/month_schedule/day04_paint_gallons.jpg,2026-09-05 22:53,Painting & Drywall
Day 5,Concrete Calculator: Cubic Yards & 80lb/60lb Bags Estimator,"Planning a Concrete & Masonry project? Don't Overpay For Ready-Mix Concrete! Slabs, Footings, Steps & 10% Subgrade Spillage Buffer. Use our free, contractor-verified online tool with real-world material rounding and waste formulas. 

#concretecalculator #howmanybagsofconcrete #diyconcreteslab #patiobuilding #DIYProjects #HomeImprovement #RenovationTips #BuildingCalculators",https://tool-1-pied.vercel.app/calculators/concrete-masonry,https://raw.githubusercontent.com/danielirfang-creator/tool-1/main/pinterest_output/month_schedule/day05_concrete_yards_bags.jpg,2026-09-06 22:53,Concrete & Masonry
Day 6,Gravel & Pea Stone Calculator: Tons & Yards Estimator,"Planning a Landscaping & Garden project? Calculate Driveway & French Drain Gravel Compaction Factor + Accurate Tons to Cubic Yards. Use our free, contractor-verified online tool with real-world material rounding and waste formulas. 

#gravelcalculator #peagravelpatio #drivewaygraveltons #diylandscaping #DIYProjects #HomeImprovement #RenovationTips #BuildingCalculators",https://tool-1-pied.vercel.app/calculators/garden,https://raw.githubusercontent.com/danielirfang-creator/tool-1/main/pinterest_output/month_schedule/day06_gravel_driveway.jpg,2026-09-07 22:53,Landscaping & Garden
Day 7,Paver Patio & Base Sand Calculator,"Planning a Outdoor Living project? Building a Backyard Patio? Calculate Materials First! 4"" Road Base + 1"" Screed Sand + Snap Edging Restraints. Use our free, contractor-verified online tool with real-world material rounding and waste formulas. 

#paverpatiocalculator #howtobuildapaverpatio #diybackyardideas #stonepavers #DIYProjects #HomeImprovement #RenovationTips #BuildingCalculators",https://tool-1-pied.vercel.app/calculators/garden,https://raw.githubusercontent.com/danielirfang-creator/tool-1/main/pinterest_output/month_schedule/day07_paver_patio_sand.jpg,2026-09-08 22:53,Outdoor Living
Day 8,Room Square Footage & Perimeter Calculator,"Planning a Home Planning project? Measure Any Room Shape Accurately L-Shaped Spaces, Closets, Alcoves & HVAC Cubic Volume. Use our free, contractor-verified online tool with real-world material rounding and waste formulas. 

#roomsquarefootagecalculator #howtomeasureroomsqft #squarefootageformula #DIYProjects #HomeImprovement #RenovationTips #BuildingCalculators",https://tool-1-pied.vercel.app/calculators/rooms,https://raw.githubusercontent.com/danielirfang-creator/tool-1/main/pinterest_output/month_schedule/day08_room_sqft_area.jpg,2026-09-09 22:53,Home Planning
Day 9,Mulch & Topsoil Calculator: Bags & Bulk Yards,"Planning a Garden & Outdoors project? How Many Bags of Mulch Do You Need? 2"" Weed Suppression & 3"" Moisture Retention Depth Rules. Use our free, contractor-verified online tool with real-world material rounding and waste formulas. 

#mulchcalculator #howmanybagsofmulch #raisedgardenbedsoil #diygardening #DIYProjects #HomeImprovement #RenovationTips #BuildingCalculators",https://tool-1-pied.vercel.app/calculators/garden,https://raw.githubusercontent.com/danielirfang-creator/tool-1/main/pinterest_output/month_schedule/day09_mulch_garden_beds.jpg,2026-09-10 22:53,Garden & Outdoors
Day 10,"Privacy Fence Calculator: Posts, Rails & Pickets","Planning a Outdoor Carpentry project? DIY Privacy Fence Material List Estimator 6ft & 8ft Panels with 4x4 Posts & Concrete Hole Bags. Use our free, contractor-verified online tool with real-world material rounding and waste formulas. 

#fencecalculator #howtobuildawoodfence #diyprivacyfence #backyardprivacy #DIYProjects #HomeImprovement #RenovationTips #BuildingCalculators",https://tool-1-pied.vercel.app/calculators/garden,https://raw.githubusercontent.com/danielirfang-creator/tool-1/main/pinterest_output/month_schedule/day10_wood_fence_materials.jpg,2026-09-11 22:53,Outdoor Carpentry
Day 11,Luxury Vinyl Plank (LVP) Flooring Calculator,"Planning a Flooring & DIY project? Waterproof Vinyl Plank Box Estimator Click-Lock Planks with 8% Staggered Seam Waste. Use our free, contractor-verified online tool with real-world material rounding and waste formulas. 

#lvpcalculator #vinylplankflooringcost #waterproofflooring #diylvpinstallation #DIYProjects #HomeImprovement #RenovationTips #BuildingCalculators",https://tool-1-pied.vercel.app/calculators/flooring,https://raw.githubusercontent.com/danielirfang-creator/tool-1/main/pinterest_output/month_schedule/day11_vinyl_plank_lvp.jpg,2026-09-12 22:53,Flooring & DIY
Day 12,Brick & Mortar Estimator: Modular & Standard Bricks,"Planning a Concrete & Masonry project? How Many Bricks For Your Garden Wall? Standard 3/8"" Mortar Joints + 7 Bricks/Sq Ft Rule. Use our free, contractor-verified online tool with real-world material rounding and waste formulas. 

#brickcalculator #howmanybricksdoineed #diybrickpatio #masonrymortar #DIYProjects #HomeImprovement #RenovationTips #BuildingCalculators",https://tool-1-pied.vercel.app/calculators/concrete-masonry,https://raw.githubusercontent.com/danielirfang-creator/tool-1/main/pinterest_output/month_schedule/day12_brick_mortar_wall.jpg,2026-09-13 22:53,Concrete & Masonry
Day 13,Turf & Sod Lawn Calculator: Rolls & Pallets,"Planning a Garden & Outdoors project? Measure Your Lawn For Fresh Sod Pallets Standard 450-500 Sq Ft Pallets + 5% Curved Border Buffer. Use our free, contractor-verified online tool with real-world material rounding and waste formulas. 

#sodcalculator #howmuchsoddoineed #newlawninstallation #diylandscaping #DIYProjects #HomeImprovement #RenovationTips #BuildingCalculators",https://tool-1-pied.vercel.app/calculators/garden,https://raw.githubusercontent.com/danielirfang-creator/tool-1/main/pinterest_output/month_schedule/day13_sod_turf_lawn.jpg,2026-09-14 22:53,Garden & Outdoors
Day 14,Wallpaper Calculator: Double Rolls & Pattern Repeats,"Planning a Rooms & Walls project? Never Botch a Wallpaper Match Again! Calculates Pattern Repeat Drop Waste & Window Deductions. Use our free, contractor-verified online tool with real-world material rounding and waste formulas. 

#wallpapercalculator #howmanyrollsofwallpaper #wallpaperpatternrepeat #accentwallideas #DIYProjects #HomeImprovement #RenovationTips #BuildingCalculators",https://tool-1-pied.vercel.app/calculators/rooms,https://raw.githubusercontent.com/danielirfang-creator/tool-1/main/pinterest_output/month_schedule/day14_wallpaper_repeat_rolls.jpg,2026-09-15 22:53,Rooms & Walls
Day 15,Drywall & Net Wall Area Calculator,"Planning a Painting & Drywall project? Net Wall Area Minus Windows & Doors 4x8 and 4x12 Sheet Breakdown for Fast Hanging. Use our free, contractor-verified online tool with real-world material rounding and waste formulas. 

#drywallcalculator #howmanysheetsofdrywall #diydrywallhanging #roomremodel #DIYProjects #HomeImprovement #RenovationTips #BuildingCalculators",https://tool-1-pied.vercel.app/calculators/rooms,https://raw.githubusercontent.com/danielirfang-creator/tool-1/main/pinterest_output/month_schedule/day15_drywall_wall_area.jpg,2026-09-16 22:53,Painting & Drywall
Day 16,CMU Cinder Block & Foundation Calculator,"Planning a Concrete & Masonry project? 8x8x16 Cinder Block Estimator Retaining Walls, Foundations & Core Grout Fill. Use our free, contractor-verified online tool with real-world material rounding and waste formulas. 

#cinderblockcalculator #cmuwallestimator #diyretainingwall #concreteblocks #DIYProjects #HomeImprovement #RenovationTips #BuildingCalculators",https://tool-1-pied.vercel.app/calculators/concrete-masonry,https://raw.githubusercontent.com/danielirfang-creator/tool-1/main/pinterest_output/month_schedule/day16_cinder_block_cmu.jpg,2026-09-17 22:53,Concrete & Masonry
Day 17,Carpet & Padding Calculator: Square Yards & Seams,"Planning a Flooring & DIY project? Convert Room Sq Ft to Carpet Square Yards 12ft & 15ft Broadloom Roll Cut Width Optimization. Use our free, contractor-verified online tool with real-world material rounding and waste formulas. 

#carpetcalculator #howtomeasurecarpet #carpetsquareyards #diycarpetpadding #DIYProjects #HomeImprovement #RenovationTips #BuildingCalculators",https://tool-1-pied.vercel.app/calculators/flooring,https://raw.githubusercontent.com/danielirfang-creator/tool-1/main/pinterest_output/month_schedule/day17_carpet_square_yards.jpg,2026-09-18 22:53,Flooring & DIY
Day 18,Baseboard & Skirting Board Linear Footage Calculator,"Planning a Carpentry & Trim project? Calculate Baseboard Trim & 45° Miter Waste Perimeter Minus Doorways + 10% Scarf Joint Allowance. Use our free, contractor-verified online tool with real-world material rounding and waste formulas. 

#baseboardcalculator #howmuchtrimdoineed #diybaseboardinstallation #mitercuts #DIYProjects #HomeImprovement #RenovationTips #BuildingCalculators",https://tool-1-pied.vercel.app/calculators/rooms,https://raw.githubusercontent.com/danielirfang-creator/tool-1/main/pinterest_output/month_schedule/day18_skirting_baseboard_trim.jpg,2026-09-19 22:53,Carpentry & Trim
Day 19,Ceiling Paint Calculator: Flat & Vaulted Angles,"Planning a Painting & Drywall project? Calculate Ceiling Paint in Seconds Flat White Coverage + Cathedral/Vaulted Slope Factors. Use our free, contractor-verified online tool with real-world material rounding and waste formulas. 

#ceilingpaintcalculator #howtopaintaceiling #vaultedceilingsquarefootage #bestceilingpaint #DIYProjects #HomeImprovement #RenovationTips #BuildingCalculators",https://tool-1-pied.vercel.app/calculators/painting,https://raw.githubusercontent.com/danielirfang-creator/tool-1/main/pinterest_output/month_schedule/day19_ceiling_paint_sloped.jpg,2026-09-20 22:53,Painting & Drywall
Day 20,Flooring Waste Percentage Guide & Cheat Sheet,"Planning a Flooring Tips & Guides project? Why 10% Waste Factor is Non-Negotiable! Straight (10%), Diagonal (15%) & Herringbone (20%) Rules. Use our free, contractor-verified online tool with real-world material rounding and waste formulas. 

#flooringwastepercentage #herringboneflooringwaste #howmuchextraflooringtobuy #DIYProjects #HomeImprovement #RenovationTips #BuildingCalculators",https://tool-1-pied.vercel.app/guides/flooring-waste-percentage-guide,https://raw.githubusercontent.com/danielirfang-creator/tool-1/main/pinterest_output/month_schedule/day20_flooring_waste_guide.jpg,2026-09-21 22:53,Flooring Tips & Guides
Day 21,Tile Trowel Notch Size & Thinset Coverage Guide,"Planning a Tiling Guides project? Picking The Right Trowel Notch Size! 1/4x3/8 for Subway vs 1/2x1/2 for Large Format 12x24. Use our free, contractor-verified online tool with real-world material rounding and waste formulas. 

#trowelnotchsizefor12x24 #tilethinsetcoverage #howtotilelikeapro #diybathroomtile #DIYProjects #HomeImprovement #RenovationTips #BuildingCalculators",https://tool-1-pied.vercel.app/guides/tile-trowel-size-thinset-guide,https://raw.githubusercontent.com/danielirfang-creator/tool-1/main/pinterest_output/month_schedule/day21_tile_trowel_thinset.jpg,2026-09-22 22:53,Tiling Guides
Day 22,Square Feet to Square Metres (m²) Converter,"Planning a Trade Conversions project? Instant Metric to Imperial Surface Area Converter Accurate 0.092903 Multiplier for Global Building Materials. Use our free, contractor-verified online tool with real-world material rounding and waste formulas. 

#sqfttom2converter #squarefeettosquaremeters #metricflooringconverter #DIYProjects #HomeImprovement #RenovationTips #BuildingCalculators",https://tool-1-pied.vercel.app/calculators/conversions,https://raw.githubusercontent.com/danielirfang-creator/tool-1/main/pinterest_output/month_schedule/day22_sqft_to_m2_converter.jpg,2026-09-23 22:53,Trade Conversions
Day 23,Raised Garden Bed & Topsoil Soil Volume Calculator,"Planning a Garden & Outdoors project? How Much Soil For Your Raised Garden Beds? Length x Width x Depth in Cubic Feet & 40lb Soil Bags. Use our free, contractor-verified online tool with real-world material rounding and waste formulas. 

#raisedgardenbedsoilcalculator #topsoilcalculator #howmuchdirtdoineed #diygardening #DIYProjects #HomeImprovement #RenovationTips #BuildingCalculators",https://tool-1-pied.vercel.app/calculators/garden,https://raw.githubusercontent.com/danielirfang-creator/tool-1/main/pinterest_output/month_schedule/day23_topsoil_raised_bed.jpg,2026-09-24 22:53,Garden & Outdoors
Day 24,Laminate Acclimation & Expansion Gap Guide,"Planning a Flooring Guides project? Stop Laminate Floors From Buckling! 48-Hour Acclimation & 3/8"" Wall Gap Perimeter Rules. Use our free, contractor-verified online tool with real-world material rounding and waste formulas. 

#laminateacclimationtime #whyismylaminatefloorbuckling #expansiongaplaminate #diyflooringguide #DIYProjects #HomeImprovement #RenovationTips #BuildingCalculators",https://tool-1-pied.vercel.app/guides/laminate-acclimation-expansion-gap-guide,https://raw.githubusercontent.com/danielirfang-creator/tool-1/main/pinterest_output/month_schedule/day24_laminate_acclimation_guide.jpg,2026-09-25 22:53,Flooring Guides
Day 25,Primer & PVA Sealer Estimator for Fresh Drywall,"Planning a Painting & Drywall project? Never Skip Primer On Fresh Drywall! PVA Sealer, Stain-Blocking Shellac & Tinted Primers. Use our free, contractor-verified online tool with real-world material rounding and waste formulas. 

#primercalculator #pvadrywallprimer #howmuchprimerdoineed #paintingtips #DIYProjects #HomeImprovement #RenovationTips #BuildingCalculators",https://tool-1-pied.vercel.app/calculators/painting,https://raw.githubusercontent.com/danielirfang-creator/tool-1/main/pinterest_output/month_schedule/day25_primer_sealer_paint.jpg,2026-09-26 22:53,Painting & Drywall
Day 26,Solid Hardwood Flooring Estimator: Bundles & Fasteners,"Planning a Flooring & DIY project? Calculate Solid Hardwood Bundles Accurately Random-Length Planks + Cleat / Staple Fastener Counts. Use our free, contractor-verified online tool with real-world material rounding and waste formulas. 

#hardwoodfloorcalculator #solidoakflooringcost #diyhardwoodfloor #flooringinstallation #DIYProjects #HomeImprovement #RenovationTips #BuildingCalculators",https://tool-1-pied.vercel.app/calculators/flooring/flooring-calculator,https://raw.githubusercontent.com/danielirfang-creator/tool-1/main/pinterest_output/month_schedule/day26_hardwood_flooring_boxes.jpg,2026-09-27 22:53,Flooring & DIY
Day 27,Subway Tile Backsplash Estimator: 3x6 & Herringbone,"Planning a Kitchen & Bath project? DIY Kitchen Backsplash Tile Calculator 3x6 Subway Tiles + Outlet Deductions & Bullnose Trim. Use our free, contractor-verified online tool with real-world material rounding and waste formulas. 

#subwaytilecalculator #kitchenbacksplashtile #diysubwaytile #backsplashcost #DIYProjects #HomeImprovement #RenovationTips #BuildingCalculators",https://tool-1-pied.vercel.app/calculators/flooring/tile-calculator,https://raw.githubusercontent.com/danielirfang-creator/tool-1/main/pinterest_output/month_schedule/day27_subway_tile_backsplash.jpg,2026-09-28 22:53,Kitchen & Bath
Day 28,Masonry Mortar & Cement Bag Calculator,"Planning a Concrete & Masonry project? Calculate Mortar Bags For Bricks & Blocks Type N Above-Grade & Type S Below-Grade Specifications. Use our free, contractor-verified online tool with real-world material rounding and waste formulas. 

#mortarcalculator #howmanybagsofmortar #typenmortar #bricklayingdiy #DIYProjects #HomeImprovement #RenovationTips #BuildingCalculators",https://tool-1-pied.vercel.app/calculators/concrete-masonry,https://raw.githubusercontent.com/danielirfang-creator/tool-1/main/pinterest_output/month_schedule/day28_masonry_mortar_mix.jpg,2026-09-29 22:53,Concrete & Masonry
Day 29,Feet & Inches to Metres & Millimetres Converter,"Planning a Trade Conversions project? Precision Trade Measurement Converter Converts Fractions (1/8"", 1/16"") to Exact Metric Millimetres. Use our free, contractor-verified online tool with real-world material rounding and waste formulas. 

#feettometersconverter #inchestomm #constructionmeasurementconverter #DIYProjects #HomeImprovement #RenovationTips #BuildingCalculators",https://tool-1-pied.vercel.app/calculators/conversions,https://raw.githubusercontent.com/danielirfang-creator/tool-1/main/pinterest_output/month_schedule/day29_feet_meters_trade_converter.jpg,2026-09-30 22:53,Trade Conversions
Day 30,Master DIY Home Improvement Calculator Hub [33 Free Tools],"Planning a Master DIY Hub project? All 33 Home Improvement Calculators in One Place! Flooring, Painting, Concrete, Garden, Rooms & Conversions. Use our free, contractor-verified online tool with real-world material rounding and waste formulas. 

#homeimprovementcalculators #diybuildingcalculators #freeconstructiontools #renovationcostestimator #DIYProjects #HomeImprovement #RenovationTips #BuildingCalculators",https://tool-1-pied.vercel.app/calculators,https://raw.githubusercontent.com/danielirfang-creator/tool-1/main/pinterest_output/month_schedule/day30_master_diy_hub.jpg,2026-10-01 22:53,Master DIY Hub
