Title,Description,Destination_Link,Image_URL,Schedule_Date,Board
Flooring Calculator - Estimate Exact Boxes & Cost,"Planning a Flooring & DIY project? How Much Flooring Do You REALLY Need? Includes 10% Waste Factor & Whole Box Rounding. Use our free, contractor-verified calculator with real-world box rounding and waste factors. 

#flooringcalculator #hardwoodfloorcost #diyflooring #homerenovationonabudget #DIYProjects #HomeImprovement #RenovationTips",https://tool-1-pied.vercel.app/calculators/flooring/flooring-calculator,https://tool-1-pied.vercel.app/api/pin-image/pin_flooring-calculator.jpg,2026-09-02 00:17,Flooring & DIY
"Tile Calculator - Exact Tiles, Grout & Mortar Bags","Planning a Bathroom & Kitchen Tiling project? Stop Buying The Wrong Number of Tiles! Large Format (12x24), Subway (3x6) & Grout Estimator. Use our free, contractor-verified calculator with real-world box rounding and waste factors. 

#tilecalculator #bathroomremodel #kitchenbacksplashdiy #howtotilefloor #DIYProjects #HomeImprovement #RenovationTips",https://tool-1-pied.vercel.app/calculators/flooring/tile-calculator,https://tool-1-pied.vercel.app/api/pin-image/pin_tile-calculator.jpg,2026-09-02 06:17,Bathroom & Kitchen Tiling
"Laminate Flooring Calculator - Boxes, Underlayment & Trim","Planning a Laminate & Vinyl project? Calculate Laminate Boxes in 10 Seconds Foam Underlayment Rolls & 3/8"" Expansion Gap Allowance. Use our free, contractor-verified calculator with real-world box rounding and waste factors. 

#laminateflooringcalculator #diylaminate #cheapflooringideas #flooringunderlayment #DIYProjects #HomeImprovement #RenovationTips",https://tool-1-pied.vercel.app/calculators/flooring/laminate-calculator,https://tool-1-pied.vercel.app/api/pin-image/pin_laminate-calculator.jpg,2026-09-03 00:17,Laminate & Vinyl
Interior Paint Calculator - Exact Gallons for Walls & Ceilings,"Planning a Painting & Drywall project? How Many Gallons of Paint Do You Need? Minus Doors & Windows + 2-Coat Coverage Formula. Use our free, contractor-verified calculator with real-world box rounding and waste factors. 

#paintcalculator #roompaintestimator #bestpaintcolors #diybedroommakeover #DIYProjects #HomeImprovement #RenovationTips",https://tool-1-pied.vercel.app/calculators/painting/paint-calculator,https://tool-1-pied.vercel.app/api/pin-image/pin_paint-calculator.jpg,2026-09-03 06:17,Painting & Drywall
Concrete Calculator - Cubic Yards & 80lb Bags Estimator,"Planning a Concrete & Masonry project? Don't Overpay For Concrete Bags! Slabs, Footings & Post Holes with 10% Subgrade Buffer. Use our free, contractor-verified calculator with real-world box rounding and waste factors. 

#concretecalculator #howmanybagsofconcrete #diyconcretepatio #backyardideas #DIYProjects #HomeImprovement #RenovationTips",https://tool-1-pied.vercel.app/calculators/concrete-masonry/concrete-calculator,https://tool-1-pied.vercel.app/api/pin-image/pin_concrete-calculator.jpg,2026-09-04 00:17,Concrete & Masonry
Gravel Calculator - Tons & Cubic Yards for Driveways & Patios,"Planning a Landscaping & Garden project? Calculate Gravel Tons & Pea Stone in Seconds Driveways, French Drains & Paver Base Compaction. Use our free, contractor-verified calculator with real-world box rounding and waste factors. 

#gravelcalculator #peagravelpatio #drivewaygravel #diylandscapeideas #DIYProjects #HomeImprovement #RenovationTips",https://tool-1-pied.vercel.app/calculators/garden/gravel-calculator,https://tool-1-pied.vercel.app/api/pin-image/pin_gravel-calculator.jpg,2026-09-04 06:17,Landscaping & Garden
"Paver Patio Calculator - Pavers, Sand Base & Polymeric Joint","Planning a Outdoor Living project? Planning a Paver Patio? Calculate Materials First! 4"" Road Base + 1"" Screed Sand + Snap Edging. Use our free, contractor-verified calculator with real-world box rounding and waste factors. 

#paverpatiocalculator #howtobuildapaverpatio #diybackyardpatio #stonepavers #DIYProjects #HomeImprovement #RenovationTips",https://tool-1-pied.vercel.app/calculators/garden/patio-calculator,https://tool-1-pied.vercel.app/api/pin-image/pin_patio-calculator.jpg,2026-09-05 00:17,Outdoor Living
"Room Area Calculator - Square Footage, Meters & Perimeter","Planning a Home Planning project? Square Footage Calculator for Any Room Shape L-Shaped Spaces, Closets, Alcoves & HVAC Volume. Use our free, contractor-verified calculator with real-world box rounding and waste factors. 

#roomsquarefootagecalculator #howtomeasurearoom #squarefootageformula #DIYProjects #HomeImprovement #RenovationTips",https://tool-1-pied.vercel.app/calculators/rooms/room-area-calculator,https://tool-1-pied.vercel.app/api/pin-image/pin_room-area-calculator.jpg,2026-09-05 06:17,Home Planning
