ID,Title,Description,Destination_Link,Video_URL,Cover_Image_URL,Board,Status
1,🔥 CONTRACTOR SECRET: Don't Start Hardwood Flooring Without This 10-Second Formula! 📐,Stop guessing how many boxes you need! Includes 10% cutting waste factor and full carton rounding. Use CraftCalc free contractor calculator. #DIY #FlooringTips #HomeRenovation #CraftCalc #RemodelHacks #HardwoodFlooring,https://tool-1-pied.vercel.app/calculators/flooring/flooring-calculator,https://tool-1-pied.vercel.app/video_pins/video_flooring_calculator.mp4,https://tool-1-pied.vercel.app/pins/day01_flooring_boxes.jpg,DIY Flooring & Tile Ideas,Ready
2,🔥 CONTRACTOR SECRET: Contractor Secret: How Many Tiles & Grout Bags Do You Really Need? 🛁,"Planning a bathroom or kitchen backsplash? Calculate 12x24, subway 3x6 tiles plus exact thinset and grout bags with zero waste! #TileCalculator #BathroomRemodel #KitchenBacksplash #DIYTile #CraftCalc",https://tool-1-pied.vercel.app/calculators/flooring/tile-calculator,https://tool-1-pied.vercel.app/video_pins/video_tile_calculator.mp4,https://tool-1-pied.vercel.app/pins/day02_tile_grout_mortar.jpg,Bathroom & Kitchen Tiling,Ready
3,🔥 CONTRACTOR SECRET: How Many 80lb Bags of Concrete For A 10x10 Patio Slab? 🧱,Never run out of concrete mid-pour! Real-world cubic yards to 80lb / 60lb pre-mixed bags estimator. 100% free contractor tool. #ConcreteCalculator #PatioDIY #BackyardSlab #ConcreteWork #HomeImprovement,https://tool-1-pied.vercel.app/calculators/concrete-masonry/concrete-calculator,https://tool-1-pied.vercel.app/video_pins/video_concrete_calculator.mp4,https://tool-1-pied.vercel.app/pins/day05_concrete_yards_bags.jpg,Concrete & Masonry Projects,Ready
4,🔥 CONTRACTOR SECRET: Stop Overpaying For Paint: The Exact Gallon Formula For Rooms 🎨,"Calculate walls, ceilings, and primers in seconds. Subtracts doors and windows automatically for 2 coats of paint. #PaintCalculator #HomeDecor #LivingRoomMakeover #InteriorPaint #DIYPaint",https://tool-1-pied.vercel.app/calculators/painting/paint-calculator,https://tool-1-pied.vercel.app/video_pins/video_paint_calculator.mp4,https://tool-1-pied.vercel.app/pins/day04_paint_gallons.jpg,Painting & Wall Decor,Ready
5,🔥 CONTRACTOR SECRET: Backyard Paver Patio & Base Gravel Math Trick Every Homeowner Needs 🏡,"Calculate pavers, crushed gravel sub-base, bedding sand, and polymer joint locking sand in 1 click! #PaverPatio #LandscapingIdeas #BackyardMakeover #GravelCalculator #DIYHome",https://tool-1-pied.vercel.app/calculators/garden/patio-calculator,https://tool-1-pied.vercel.app/video_pins/video_patio_calculator.mp4,https://tool-1-pied.vercel.app/pins/day07_paver_patio_sand.jpg,Garden & Outdoor Living,Ready
6,⚠️ AVOID THIS DIY MISTAKE: Don't Start Hardwood Flooring Without This 10-Second Formula! 📐,Stop guessing how many boxes you need! Includes 10% cutting waste factor and full carton rounding. Use CraftCalc free contractor calculator. #DIY #FlooringTips #HomeRenovation #CraftCalc #RemodelHacks #HardwoodFlooring,https://tool-1-pied.vercel.app/calculators/flooring/flooring-calculator,https://tool-1-pied.vercel.app/video_pins/video_flooring_calculator.mp4,https://tool-1-pied.vercel.app/pins/day01_flooring_boxes.jpg,DIY Flooring & Tile Ideas,Ready
7,⚠️ AVOID THIS DIY MISTAKE: Contractor Secret: How Many Tiles & Grout Bags Do You Really Need? 🛁,"Planning a bathroom or kitchen backsplash? Calculate 12x24, subway 3x6 tiles plus exact thinset and grout bags with zero waste! #TileCalculator #BathroomRemodel #KitchenBacksplash #DIYTile #CraftCalc",https://tool-1-pied.vercel.app/calculators/flooring/tile-calculator,https://tool-1-pied.vercel.app/video_pins/video_tile_calculator.mp4,https://tool-1-pied.vercel.app/pins/day02_tile_grout_mortar.jpg,Bathroom & Kitchen Tiling,Ready
8,⚠️ AVOID THIS DIY MISTAKE: How Many 80lb Bags of Concrete For A 10x10 Patio Slab? 🧱,Never run out of concrete mid-pour! Real-world cubic yards to 80lb / 60lb pre-mixed bags estimator. 100% free contractor tool. #ConcreteCalculator #PatioDIY #BackyardSlab #ConcreteWork #HomeImprovement,https://tool-1-pied.vercel.app/calculators/concrete-masonry/concrete-calculator,https://tool-1-pied.vercel.app/video_pins/video_concrete_calculator.mp4,https://tool-1-pied.vercel.app/pins/day05_concrete_yards_bags.jpg,Concrete & Masonry Projects,Ready
9,⚠️ AVOID THIS DIY MISTAKE: Stop Overpaying For Paint: The Exact Gallon Formula For Rooms 🎨,"Calculate walls, ceilings, and primers in seconds. Subtracts doors and windows automatically for 2 coats of paint. #PaintCalculator #HomeDecor #LivingRoomMakeover #InteriorPaint #DIYPaint",https://tool-1-pied.vercel.app/calculators/painting/paint-calculator,https://tool-1-pied.vercel.app/video_pins/video_paint_calculator.mp4,https://tool-1-pied.vercel.app/pins/day04_paint_gallons.jpg,Painting & Wall Decor,Ready
10,⚠️ AVOID THIS DIY MISTAKE: Backyard Paver Patio & Base Gravel Math Trick Every Homeowner Needs 🏡,"Calculate pavers, crushed gravel sub-base, bedding sand, and polymer joint locking sand in 1 click! #PaverPatio #LandscapingIdeas #BackyardMakeover #GravelCalculator #DIYHome",https://tool-1-pied.vercel.app/calculators/garden/patio-calculator,https://tool-1-pied.vercel.app/video_pins/video_patio_calculator.mp4,https://tool-1-pied.vercel.app/pins/day07_paver_patio_sand.jpg,Garden & Outdoor Living,Ready
11,📐 THE 1-MINUTE CHEAT SHEET: Don't Start Hardwood Flooring Without This 10-Second Formula! 📐,Stop guessing how many boxes you need! Includes 10% cutting waste factor and full carton rounding. Use CraftCalc free contractor calculator. #DIY #FlooringTips #HomeRenovation #CraftCalc #RemodelHacks #HardwoodFlooring,https://tool-1-pied.vercel.app/calculators/flooring/flooring-calculator,https://tool-1-pied.vercel.app/video_pins/video_flooring_calculator.mp4,https://tool-1-pied.vercel.app/pins/day01_flooring_boxes.jpg,DIY Flooring & Tile Ideas,Ready
12,📐 THE 1-MINUTE CHEAT SHEET: Contractor Secret: How Many Tiles & Grout Bags Do You Really Need? 🛁,"Planning a bathroom or kitchen backsplash? Calculate 12x24, subway 3x6 tiles plus exact thinset and grout bags with zero waste! #TileCalculator #BathroomRemodel #KitchenBacksplash #DIYTile #CraftCalc",https://tool-1-pied.vercel.app/calculators/flooring/tile-calculator,https://tool-1-pied.vercel.app/video_pins/video_tile_calculator.mp4,https://tool-1-pied.vercel.app/pins/day02_tile_grout_mortar.jpg,Bathroom & Kitchen Tiling,Ready
13,📐 THE 1-MINUTE CHEAT SHEET: How Many 80lb Bags of Concrete For A 10x10 Patio Slab? 🧱,Never run out of concrete mid-pour! Real-world cubic yards to 80lb / 60lb pre-mixed bags estimator. 100% free contractor tool. #ConcreteCalculator #PatioDIY #BackyardSlab #ConcreteWork #HomeImprovement,https://tool-1-pied.vercel.app/calculators/concrete-masonry/concrete-calculator,https://tool-1-pied.vercel.app/video_pins/video_concrete_calculator.mp4,https://tool-1-pied.vercel.app/pins/day05_concrete_yards_bags.jpg,Concrete & Masonry Projects,Ready
14,📐 THE 1-MINUTE CHEAT SHEET: Stop Overpaying For Paint: The Exact Gallon Formula For Rooms 🎨,"Calculate walls, ceilings, and primers in seconds. Subtracts doors and windows automatically for 2 coats of paint. #PaintCalculator #HomeDecor #LivingRoomMakeover #InteriorPaint #DIYPaint",https://tool-1-pied.vercel.app/calculators/painting/paint-calculator,https://tool-1-pied.vercel.app/video_pins/video_paint_calculator.mp4,https://tool-1-pied.vercel.app/pins/day04_paint_gallons.jpg,Painting & Wall Decor,Ready
15,📐 THE 1-MINUTE CHEAT SHEET: Backyard Paver Patio & Base Gravel Math Trick Every Homeowner Needs 🏡,"Calculate pavers, crushed gravel sub-base, bedding sand, and polymer joint locking sand in 1 click! #PaverPatio #LandscapingIdeas #BackyardMakeover #GravelCalculator #DIYHome",https://tool-1-pied.vercel.app/calculators/garden/patio-calculator,https://tool-1-pied.vercel.app/video_pins/video_patio_calculator.mp4,https://tool-1-pied.vercel.app/pins/day07_paver_patio_sand.jpg,Garden & Outdoor Living,Ready
16,💡 SMART HOMEOWNER HACK: Don't Start Hardwood Flooring Without This 10-Second Formula! 📐,Stop guessing how many boxes you need! Includes 10% cutting waste factor and full carton rounding. Use CraftCalc free contractor calculator. #DIY #FlooringTips #HomeRenovation #CraftCalc #RemodelHacks #HardwoodFlooring,https://tool-1-pied.vercel.app/calculators/flooring/flooring-calculator,https://tool-1-pied.vercel.app/video_pins/video_flooring_calculator.mp4,https://tool-1-pied.vercel.app/pins/day01_flooring_boxes.jpg,DIY Flooring & Tile Ideas,Ready
17,💡 SMART HOMEOWNER HACK: Contractor Secret: How Many Tiles & Grout Bags Do You Really Need? 🛁,"Planning a bathroom or kitchen backsplash? Calculate 12x24, subway 3x6 tiles plus exact thinset and grout bags with zero waste! #TileCalculator #BathroomRemodel #KitchenBacksplash #DIYTile #CraftCalc",https://tool-1-pied.vercel.app/calculators/flooring/tile-calculator,https://tool-1-pied.vercel.app/video_pins/video_tile_calculator.mp4,https://tool-1-pied.vercel.app/pins/day02_tile_grout_mortar.jpg,Bathroom & Kitchen Tiling,Ready
18,💡 SMART HOMEOWNER HACK: How Many 80lb Bags of Concrete For A 10x10 Patio Slab? 🧱,Never run out of concrete mid-pour! Real-world cubic yards to 80lb / 60lb pre-mixed bags estimator. 100% free contractor tool. #ConcreteCalculator #PatioDIY #BackyardSlab #ConcreteWork #HomeImprovement,https://tool-1-pied.vercel.app/calculators/concrete-masonry/concrete-calculator,https://tool-1-pied.vercel.app/video_pins/video_concrete_calculator.mp4,https://tool-1-pied.vercel.app/pins/day05_concrete_yards_bags.jpg,Concrete & Masonry Projects,Ready
19,💡 SMART HOMEOWNER HACK: Stop Overpaying For Paint: The Exact Gallon Formula For Rooms 🎨,"Calculate walls, ceilings, and primers in seconds. Subtracts doors and windows automatically for 2 coats of paint. #PaintCalculator #HomeDecor #LivingRoomMakeover #InteriorPaint #DIYPaint",https://tool-1-pied.vercel.app/calculators/painting/paint-calculator,https://tool-1-pied.vercel.app/video_pins/video_paint_calculator.mp4,https://tool-1-pied.vercel.app/pins/day04_paint_gallons.jpg,Painting & Wall Decor,Ready
20,💡 SMART HOMEOWNER HACK: Backyard Paver Patio & Base Gravel Math Trick Every Homeowner Needs 🏡,"Calculate pavers, crushed gravel sub-base, bedding sand, and polymer joint locking sand in 1 click! #PaverPatio #LandscapingIdeas #BackyardMakeover #GravelCalculator #DIYHome",https://tool-1-pied.vercel.app/calculators/garden/patio-calculator,https://tool-1-pied.vercel.app/video_pins/video_patio_calculator.mp4,https://tool-1-pied.vercel.app/pins/day07_paver_patio_sand.jpg,Garden & Outdoor Living,Ready
21,🛠️ SAVE HUNDREDS ON MATERIALS: Don't Start Hardwood Flooring Without This 10-Second Formula! 📐,Stop guessing how many boxes you need! Includes 10% cutting waste factor and full carton rounding. Use CraftCalc free contractor calculator. #DIY #FlooringTips #HomeRenovation #CraftCalc #RemodelHacks #HardwoodFlooring,https://tool-1-pied.vercel.app/calculators/flooring/flooring-calculator,https://tool-1-pied.vercel.app/video_pins/video_flooring_calculator.mp4,https://tool-1-pied.vercel.app/pins/day01_flooring_boxes.jpg,DIY Flooring & Tile Ideas,Ready
22,🛠️ SAVE HUNDREDS ON MATERIALS: Contractor Secret: How Many Tiles & Grout Bags Do You Really Need? 🛁,"Planning a bathroom or kitchen backsplash? Calculate 12x24, subway 3x6 tiles plus exact thinset and grout bags with zero waste! #TileCalculator #BathroomRemodel #KitchenBacksplash #DIYTile #CraftCalc",https://tool-1-pied.vercel.app/calculators/flooring/tile-calculator,https://tool-1-pied.vercel.app/video_pins/video_tile_calculator.mp4,https://tool-1-pied.vercel.app/pins/day02_tile_grout_mortar.jpg,Bathroom & Kitchen Tiling,Ready
23,🛠️ SAVE HUNDREDS ON MATERIALS: How Many 80lb Bags of Concrete For A 10x10 Patio Slab? 🧱,Never run out of concrete mid-pour! Real-world cubic yards to 80lb / 60lb pre-mixed bags estimator. 100% free contractor tool. #ConcreteCalculator #PatioDIY #BackyardSlab #ConcreteWork #HomeImprovement,https://tool-1-pied.vercel.app/calculators/concrete-masonry/concrete-calculator,https://tool-1-pied.vercel.app/video_pins/video_concrete_calculator.mp4,https://tool-1-pied.vercel.app/pins/day05_concrete_yards_bags.jpg,Concrete & Masonry Projects,Ready
24,🛠️ SAVE HUNDREDS ON MATERIALS: Stop Overpaying For Paint: The Exact Gallon Formula For Rooms 🎨,"Calculate walls, ceilings, and primers in seconds. Subtracts doors and windows automatically for 2 coats of paint. #PaintCalculator #HomeDecor #LivingRoomMakeover #InteriorPaint #DIYPaint",https://tool-1-pied.vercel.app/calculators/painting/paint-calculator,https://tool-1-pied.vercel.app/video_pins/video_paint_calculator.mp4,https://tool-1-pied.vercel.app/pins/day04_paint_gallons.jpg,Painting & Wall Decor,Ready
25,🛠️ SAVE HUNDREDS ON MATERIALS: Backyard Paver Patio & Base Gravel Math Trick Every Homeowner Needs 🏡,"Calculate pavers, crushed gravel sub-base, bedding sand, and polymer joint locking sand in 1 click! #PaverPatio #LandscapingIdeas #BackyardMakeover #GravelCalculator #DIYHome",https://tool-1-pied.vercel.app/calculators/garden/patio-calculator,https://tool-1-pied.vercel.app/video_pins/video_patio_calculator.mp4,https://tool-1-pied.vercel.app/pins/day07_paver_patio_sand.jpg,Garden & Outdoor Living,Ready
26,🏡 RENOVATION MATH SIMPLIFIED: Don't Start Hardwood Flooring Without This 10-Second Formula! 📐,Stop guessing how many boxes you need! Includes 10% cutting waste factor and full carton rounding. Use CraftCalc free contractor calculator. #DIY #FlooringTips #HomeRenovation #CraftCalc #RemodelHacks #HardwoodFlooring,https://tool-1-pied.vercel.app/calculators/flooring/flooring-calculator,https://tool-1-pied.vercel.app/video_pins/video_flooring_calculator.mp4,https://tool-1-pied.vercel.app/pins/day01_flooring_boxes.jpg,DIY Flooring & Tile Ideas,Ready
27,🏡 RENOVATION MATH SIMPLIFIED: Contractor Secret: How Many Tiles & Grout Bags Do You Really Need? 🛁,"Planning a bathroom or kitchen backsplash? Calculate 12x24, subway 3x6 tiles plus exact thinset and grout bags with zero waste! #TileCalculator #BathroomRemodel #KitchenBacksplash #DIYTile #CraftCalc",https://tool-1-pied.vercel.app/calculators/flooring/tile-calculator,https://tool-1-pied.vercel.app/video_pins/video_tile_calculator.mp4,https://tool-1-pied.vercel.app/pins/day02_tile_grout_mortar.jpg,Bathroom & Kitchen Tiling,Ready
28,🏡 RENOVATION MATH SIMPLIFIED: How Many 80lb Bags of Concrete For A 10x10 Patio Slab? 🧱,Never run out of concrete mid-pour! Real-world cubic yards to 80lb / 60lb pre-mixed bags estimator. 100% free contractor tool. #ConcreteCalculator #PatioDIY #BackyardSlab #ConcreteWork #HomeImprovement,https://tool-1-pied.vercel.app/calculators/concrete-masonry/concrete-calculator,https://tool-1-pied.vercel.app/video_pins/video_concrete_calculator.mp4,https://tool-1-pied.vercel.app/pins/day05_concrete_yards_bags.jpg,Concrete & Masonry Projects,Ready
29,🏡 RENOVATION MATH SIMPLIFIED: Stop Overpaying For Paint: The Exact Gallon Formula For Rooms 🎨,"Calculate walls, ceilings, and primers in seconds. Subtracts doors and windows automatically for 2 coats of paint. #PaintCalculator #HomeDecor #LivingRoomMakeover #InteriorPaint #DIYPaint",https://tool-1-pied.vercel.app/calculators/painting/paint-calculator,https://tool-1-pied.vercel.app/video_pins/video_paint_calculator.mp4,https://tool-1-pied.vercel.app/pins/day04_paint_gallons.jpg,Painting & Wall Decor,Ready
30,🏡 RENOVATION MATH SIMPLIFIED: Backyard Paver Patio & Base Gravel Math Trick Every Homeowner Needs 🏡,"Calculate pavers, crushed gravel sub-base, bedding sand, and polymer joint locking sand in 1 click! #PaverPatio #LandscapingIdeas #BackyardMakeover #GravelCalculator #DIYHome",https://tool-1-pied.vercel.app/calculators/garden/patio-calculator,https://tool-1-pied.vercel.app/video_pins/video_patio_calculator.mp4,https://tool-1-pied.vercel.app/pins/day07_paver_patio_sand.jpg,Garden & Outdoor Living,Ready
